id,order_id,product_id,quantity,created_by,updated_by
1,7,3,5,2,
45,13,50,5,admin,admin
46,76,93,3,admin,admin
47,94,64,7,admin,admin
49,12,86,7,admin,admin
17,30,33,8,admin,admin
21,87,90,4,admin,admin
54,60,95,6,admin,admin
29,20,4,4,admin,admin
55,66,99,10,admin,admin
56,62,71,9,admin,admin
57,16,41,8,admin,admin
59,65,78,9,admin,admin
60,63,85,9,admin,admin
63,20,69,8,admin,admin
64,93,56,2,admin,admin
52,71,72,7,admin,admin
65,35,93,10,admin,admin
66,56,31,4,admin,admin
68,70,33,6,admin,admin
69,76,71,9,admin,admin
72,94,42,8,admin,admin
73,35,10,4,admin,admin
74,12,5,5,admin,admin
81,86,90,6,admin,admin
75,20,94,5,admin,admin
83,37,10,1,admin,admin
76,60,75,3,admin,admin
77,7,68,7,admin,admin
78,91,70,8,admin,admin
79,31,19,1,admin,admin
82,84,29,1,admin,admin
3,1,6,8,admin,admin
5,65,6,7,admin,admin
6,28,24,7,admin,admin
7,30,33,8,admin,admin
84,7,9,5,admin,admin
10,87,90,4,admin,admin
11,7,45,3,admin,admin
87,75,88,3,admin,admin
14,20,4,4,admin,admin
15,56,45,3,admin,admin
88,66,12,3,admin,admin
89,18,62,9,admin,admin
90,7,54,7,admin,admin
19,88,50,4,admin,admin
91,52,36,10,admin,admin
23,75,58,9,admin,admin
24,81,11,4,admin,admin
25,71,72,7,admin,admin
26,78,6,8,admin,admin
30,51,54,4,admin,admin
32,76,58,7,admin,admin
35,68,56,7,admin,admin
36,86,90,6,admin,admin
38,37,10,1,admin,admin
39,37,40,4,admin,admin
40,86,16,2,admin,admin
41,91,21,10,admin,admin
